200|Hjemmeside||17992|https://www.sparebank1.no/nb/bank.html|Bank | SpareBank 1 Bank
200|Tema||191127|https://www.sparebank1.no/nb/bank/bedrift/bedriftsforsikring/bransjer/borettslag-sameie.html|Borettslag og sameie | Forsikringer | SpareBank 1 
200|Tema||190759|https://www.sparebank1.no/nb/bank/bedrift/bedriftsforsikring/ipid-bedrift.html|IPID | Produktinformasjon bedriftsforsikring | SpareBank 1 
200|Produkt||237116|https://www.sparebank1.no/nb/bank/bedrift/bedriftsforsikring/kriminalitetsforsikring.html|Kriminalitetsforsikring | Underslagsforsikring | SpareBank 1 
200|Tema||294017|https://www.sparebank1.no/nb/bank/bedrift/bedriftsforsikring.html|Bedriftsforsikring | Næringslivsforsikring | SpareBank 1 
200|Marked||298872|https://www.sparebank1.no/nb/bank/bedrift.html|Bedrift | SpareBank 1 
200|Produkt||262555|https://www.sparebank1.no/nb/bank/bedrift/bedriftsforsikring/ansvarsforsikring-bedrift/produktansvar-forsikring.html|Produktansvar | Produktansvarsforsikring | SpareBank 1 
200|Produkt||168337|https://www.sparebank1.no/nb/bank/bedrift/bedriftsforsikring/kundehistorier.html|Kundecase - bedriftsforsikring | SpareBank 1 
200|Produkt||246774|https://www.sparebank1.no/nb/bank/bedrift/bedriftsforsikring/borettslag-sameie-forsikring/dugnadsveileder.html|Dugnadsveileder for borettslag og sameier | SpareBank 1 
200|Kategori||268634|https://www.sparebank1.no/nb/bank/bedrift/bedriftskort.html|Bedriftskort | Bankkort og kredittkort bedrift | SpareBank 1 
200|Produkt||374816|https://www.sparebank1.no/nb/bank/bedrift/bedriftsforsikring/landbruksforsikring/driftsbygning.html|Forsikring av driftsbygning | SpareBank 1 
200|Kategori||271871|https://www.sparebank1.no/nb/bank/bedrift/betaling.html|Betaling | SpareBank 1 
200|Produkt||283733|https://www.sparebank1.no/nb/bank/bedrift/bedriftsforsikring/transportforsikring.html|Transportforsikring | Transportansvar | SpareBank 1 
200|Produkt||282241|https://www.sparebank1.no/nb/bank/bedrift/betaling/inkasso.html|Inkasso | Betaler kundene dine for sent? | SpareBank 1 
200|Underkategori||356416|https://www.sparebank1.no/nb/bank/bedrift/betaling/utenlandsbetaling.html|Utenlandsbetaling bedrift | SpareBank 1 
200|Produkt||276191|https://www.sparebank1.no/nb/bank/bedrift/bransjer/offentlig-sektor/Forvaltningskonto.html|Forvaltningskonto | SpareBank 1 
200|Kategori||276483|https://www.sparebank1.no/nb/bank/bedrift/daglig-drift.html|Daglig drift | Nettbank og regnskapsprogram for bedrifter | SpareBank 1 
200|Kundeservice||328579|https://www.sparebank1.no/nb/bank/bedrift/kundeservice.html|Kundeservice | SpareBank 1 
200|Kategori||259214|https://www.sparebank1.no/nb/bank/bedrift/konto.html|Konto for bedrift | Opprett bedriftskonto | SpareBank 1 
200|Spørsmål||261473|https://www.sparebank1.no/nb/bank/bedrift/kundeservice/bank-regnskap/administrere-prisavtaler.html|Administrere prisavtaler i SpareBank 1 Regnskap | SpareBank 1 
200|Spørsmål||257106|https://www.sparebank1.no/nb/bank/bedrift/kundeservice/bank-regnskap/aktivere-ehf.html|Aktivere EHF i SpareBank 1 Regnskap | SpareBank 1 
200|Produkt||356095|https://www.sparebank1.no/nb/bank/bedrift/daglig-drift/nettbank-lag-forening.html|Nettbank lag og forening | SpareBank 1 
200|Spørsmål||258432|https://www.sparebank1.no/nb/bank/bedrift/kundeservice/bank-regnskap/automerke-reskontro.html|Utestående (åpne poster): Automerke en reskontro i SpareBank 1 Regnskap | SpareBank 1 
200|Spørsmål||275199|https://www.sparebank1.no/nb/bank/bedrift/kundeservice/bank-regnskap/avslutte-sparebank1-regnskap.html|Avslutte SpareBank 1 Regnskap | SpareBank 1 
200|Spørsmål||255717|https://www.sparebank1.no/nb/bank/bedrift/kundeservice/bank-regnskap/app-tildele-leverandorfaktura.html|Tildele leverandørfaktura i appen til SpareBank 1 Regnskap | SpareBank 1 
200|Spørsmål||260328|https://www.sparebank1.no/nb/bank/bedrift/kundeservice/bank-regnskap/betale-utenlandsk-valuta.html|Betale i utenlandsk valuta i SpareBank 1 Regnskap | SpareBank 1 
200|Spørsmål||259178|https://www.sparebank1.no/nb/bank/bedrift/kundeservice/bank-regnskap/disponere-arsresultat.html|Disponere åresultatet i SpareBank 1 Regnskap | SpareBank 1 
200|Spørsmål||264941|https://www.sparebank1.no/nb/bank/bedrift/kundeservice/bank-regnskap/fakturere-timer.html|Fakturere timer i SpareBank 1 Regnskap | SpareBank 1 
200|Spørsmål||263973|https://www.sparebank1.no/nb/bank/bedrift/kundeservice/bank-regnskap/fjerne-kontokobling-arsoppgjor.html|Fjerne kontokobling mot årsoppgjør i SpareBank 1 Regnskap | SpareBank 1 
200|Spørsmål||261501|https://www.sparebank1.no/nb/bank/bedrift/kundeservice/bank-regnskap/hva-er-balanse.html|Hva er balanse? | SpareBank 1 
200|Spørsmål||278878|https://www.sparebank1.no/nb/bank/bedrift/kundeservice/bank-regnskap/fanevalg-faktura-ordre-tilbud.html|Bruke fanevalgene i SpareBank 1 Regnskap | SpareBank 1 
200|Spørsmål||257047|https://www.sparebank1.no/nb/bank/bedrift/kundeservice/bank-regnskap/flyt-tildeling-leverandorfaktura.html|Automatisere behandlingen av inngående fakturaer i SpareBank 1 Regnskap | SpareBank 1 
200|Spørsmål||279600|https://www.sparebank1.no/nb/bank/bedrift/kundeservice/bank-regnskap/feriepenger-oppsett.html|Sette opp trekk i lønn for ferie i SpareBank 1 Regnskap | SpareBank 1 
200|Spørsmål||256500|https://www.sparebank1.no/nb/bank/bedrift/kundeservice/bank-regnskap/kontantfaktura.html|Lage kontantfaktura i SpareBank 1 Regnskap | SpareBank 1 
200|Spørsmål||258832|https://www.sparebank1.no/nb/bank/bedrift/kundeservice/bank-regnskap/lonnsinnstillinger-juridisk-enhet.html|Sette opp juridisk enhet i lønnsinnstillinger i SpareBank 1 Regnskap | SpareBank 1 
200|Spørsmål||266993|https://www.sparebank1.no/nb/bank/bedrift/kundeservice/bank-regnskap/leverandorfaktura-bilagsforing-landbruk.html|Leverandørfaktura og bilagsføring i landbruksregnskap | SpareBank 1 
200|Spørsmål||259242|https://www.sparebank1.no/nb/bank/bedrift/kundeservice/bank-regnskap/kreditnota-bank.html|Motregne faktura mot kreditnota i SpareBank 1 Regnskap | SpareBank 1 
200|Spørsmål||263956|https://www.sparebank1.no/nb/bank/bedrift/kundeservice/bank-regnskap/lonn-godkjenning.html|Sende lønn til godkjenning i SpareBank 1 Regnskap | SpareBank 1 
200|Spørsmål||255936|https://www.sparebank1.no/nb/bank/bedrift/kundeservice/bank-regnskap/kopiere-lonnsart.html|Kopiere lønnsarter i SpareBank 1 Regnskap | SpareBank 1 
200|Spørsmål||263632|https://www.sparebank1.no/nb/bank/bedrift/kundeservice/bank-regnskap/kreditnota-utgaende-faktura.html|Kreditere utgående faktura i SpareBank 1 Regnskap | SpareBank 1 
200|Spørsmål||260552|https://www.sparebank1.no/nb/bank/bedrift/kundeservice/bank-regnskap/nummerserie-ansattreskontro.html|Se over nummerserie for ansattreskontro i SpareBank 1 Regnskap | SpareBank 1 
200|Spørsmål||262823|https://www.sparebank1.no/nb/bank/bedrift/kundeservice/bank-regnskap/lage-bokforingsregler.html|Lage bokføringsregler for bankavstemming i SpareBank 1 Regnskap | SpareBank 1 
200|Spørsmål||283299|https://www.sparebank1.no/nb/bank/bedrift/kundeservice/bank-regnskap/oppsett-mot-altinn-3-0-klientdelegering.html|Oppsett mot Altinn 3.0 med klientdelegering i SpareBank 1 Regnskap | SpareBank 1 
200|Spørsmål||259383|https://www.sparebank1.no/nb/bank/bedrift/kundeservice/bank-regnskap/registrere-tilbakebetaling.html|Utestående (åpne poster): Tilbakebetale beløp i SpareBank 1 Regnskap | SpareBank 1 
200|Spørsmål||263680|https://www.sparebank1.no/nb/bank/bedrift/kundeservice/bank-regnskap/rafisklaget-sedler.html|Koble til sluttsedler fra Norges Råfisklag i SpareBank 1 Regnskap | SpareBank 1 
200|Spørsmål||259991|https://www.sparebank1.no/nb/bank/bedrift/kundeservice/bank-regnskap/saf-t-import.html|Import av SAF-T-fil i SpareBank 1 Regnskap | SpareBank 1 
200|Spørsmål||258178|https://www.sparebank1.no/nb/bank/bedrift/kundeservice/bank-regnskap/systemkostnader.html|Bokføre kostnader for SpareBank 1 Regnskap | SpareBank 1 
200|Spørsmål||264524|https://www.sparebank1.no/nb/bank/bedrift/kundeservice/bank-regnskap/tap-kundefordringer.html|Føre tap på kundefordringer i SpareBank 1 Regnskap | SpareBank 1 
200|Spørsmål||262926|https://www.sparebank1.no/nb/bank/bedrift/kundeservice/bank-regnskap/synkronisere-lonnsart.html|Manuelt oppdater lønnsarter i SpareBank 1 Regnskap | SpareBank 1 
200|Spørsmål||257665|https://www.sparebank1.no/nb/bank/bedrift/kundeservice/bank-regnskap/registrere-kvittering.html|Registrere kvittering SpareBank 1 Regnskap | SpareBank 1 
200|Spørsmål||168702|https://www.sparebank1.no/nb/bank/bedrift/kundeservice/bedriftsforsikring/begunstigelse.html|Hva betyr begunstigelse? | Velg begunstiget | SpareBank 1 
200|Spørsmål||169882|https://www.sparebank1.no/nb/bank/bedrift/kundeservice/bedriftsforsikring/fg-godkjent-sprinkleranlegg.html|Rabatt på forsikringen ved sprinkleranlegg | SpareBank 1 
200|Spørsmål||165807|https://www.sparebank1.no/nb/bank/bedrift/kundeservice/bedriftsforsikring/overlappende-datoer-faktura.html|Hvorfor mottar bedriften faktura med overlappende datoer (perioder) i spesifikasjonen? | SpareBank 1 
200|Spørsmål||255312|https://www.sparebank1.no/nb/bank/bedrift/kundeservice/bm-andre-sporsmal/hvordan-blir-jeg-bedriftskunde.html|BLI KUNDE Hvordan blir jeg bedriftskunde? | SpareBank 1 
200|Spørsmål||257536|https://www.sparebank1.no/nb/bank/bedrift/kundeservice/bm-andre-sporsmal/hvordan-flytte-avtalegiro-efaktura-ehf.html|Flytte avtalegiro, eFaktura og EHF | SpareBank 1 
200|Spørsmål||168741|https://www.sparebank1.no/nb/bank/bedrift/kundeservice/bedriftsforsikring/vareforsikring.html|Tilbyr dere vareforsikring? | SpareBank 1 
200|Spørsmål||255588|https://www.sparebank1.no/nb/bank/bedrift/kundeservice/bm-kort-betaling/hva-er-bankaxept.html|Hva er BankAxept? | SpareBank 1 
200|Spørsmål||254504|https://www.sparebank1.no/nb/bank/bedrift/kundeservice/bm-kort-betaling/hva-er-en-filsti.html|Hva er en filsti? | SpareBank 1 
200|Spørsmål||254244|https://www.sparebank1.no/nb/bank/bedrift/kundeservice/bm-kort-betaling/hva-er-bankkode.html|Hva er bankkode? | SpareBank 1 
200|Spørsmål||257096|https://www.sparebank1.no/nb/bank/bedrift/kundeservice/bm-andre-sporsmal/jeg-vil-sendes-direkte-til-min-bank.html|Jeg vil sendes rett til banken min | SpareBank 1 
200|Spørsmål||258717|https://www.sparebank1.no/nb/bank/bedrift/kundeservice/bm-kort-betaling/kan-jeg-sende-motta-penger-alle-land.html|Kan jeg sende og motta penger fra alle land? | SpareBank 1 
200|Spørsmål||255578|https://www.sparebank1.no/nb/bank/bedrift/kundeservice/bm-kort-betaling/sperre-kort.html|Hvordan sperrer jeg kortet? | SpareBank 1 
200|Spørsmål||258872|https://www.sparebank1.no/nb/bank/bedrift/kundeservice/bm-lan-finansiering/fast-flytende-rente-bedriftslan.html|Bør bedriften velge fast eller flytende rente på lånet? | SpareBank 1 
200|Spørsmål||258920|https://www.sparebank1.no/nb/bank/bedrift/kundeservice/bm-lan-finansiering/kan-jeg-lease-uten-innskudd.html|Kan jeg lease uten innskudd? | SpareBank 1 
200|Spørsmål||259786|https://www.sparebank1.no/nb/bank/bedrift/kundeservice/bm-nettbank-bedrift/Endre-kasserer-i-nettbank-bedrift.html|Hvordan endrer jeg kasserer i Nettbank bedrift? | SpareBank 1 
200|Spørsmål||258892|https://www.sparebank1.no/nb/bank/bedrift/kundeservice/bm-nettbank-bedrift/hvordan-sende-efaktura.html|Hvordan sender jeg eFaktura fra Nettbank bedrift? | SpareBank 1 
200|Spørsmål||263445|https://www.sparebank1.no/nb/bank/bedrift/kundeservice/bm-nettbank-bedrift/opprette-ny-administrator.html|Hvordan oppretter jeg ny administrator? | SpareBank 1 
200|Spørsmål||258055|https://www.sparebank1.no/nb/bank/bedrift/kundeservice/bm-pensjon/sporsmaal-pensjonsbevis.html|Hva er et pensjonsbevis | SpareBank 1 
200|Spørsmål||255949|https://www.sparebank1.no/nb/bank/bedrift/kundeservice/bm-pensjon/rapportere-otp-a-melding.html|Slik rapporterer du OTP | SpareBank 1 
200|Spørsmål||254877|https://www.sparebank1.no/nb/bank/bedrift/kundeservice/bm-regnskap/nar-bytte-regnskapsforer.html|Når kan jeg bytte regnskapsfører? | SpareBank 1 
200|Spørsmål||257843|https://www.sparebank1.no/nb/bank/bedrift/kundeservice/bm-starte-drive-bedrift/arbeidsgivers-plikter.html|Hvilke plikter har jeg som arbeidsgiver? | SpareBank 1 
200|Verktoy||255744|https://www.sparebank1.no/nb/bank/bedrift/kundeservice/verktoy/valutakalkulator.html|Valutakalkulator | SpareBank 1 
200|Produkt||269181|https://www.sparebank1.no/nb/bank/bedrift/lan-finansiering.html|Finansiering | SpareBank 1 
200|Produkt||313829|https://www.sparebank1.no/nb/bank/bedrift/lan-finansiering/kassekreditt.html|Kassekreditt – kortsiktig finansiering for din bedrift | SpareBank 1 
200|Produkt||259461|https://www.sparebank1.no/nb/bank/bedrift/open-api.html|Open APIs | SpareBank 1 
200|Produkt||287838|https://www.sparebank1.no/nb/bank/bedrift/pensjon/flytte-pensjonsavtale.html|Flytt bedriftens pensjonsavtale – enkelt og trygt med SpareBank 1 | SpareBank 1 
200|Produkt||279950|https://www.sparebank1.no/nb/bank/bedrift/regnskap.html|Regnskap | Alt på ett sted  | SpareBank 1 
200|Produkt||291351|https://www.sparebank1.no/nb/bank/bedrift/pensjon/obligatorisk-tjenestepensjon/otp-loven.html|OTP-loven | Lov om obligatorisk tjenestepensjon | SpareBank 1 
200|Kategori||290896|https://www.sparebank1.no/nb/bank/bedrift/pensjon.html|Pensjon for bedrifter | Spar til pensjon til dine ansatte | SpareBank 1 
200|Produkt||261143|https://www.sparebank1.no/nb/bank/bedrift/regnskap/guide/budsjett.html|Budsjett | Hva er et budsjett?  | SpareBank 1 
200|Produkt||267392|https://www.sparebank1.no/nb/bank/bedrift/regnskap/guide/a-melding.html|A-melding | Hva er a-melding?  | SpareBank 1 
200|Produkt||263102|https://www.sparebank1.no/nb/bank/bedrift/regnskap/guide/driftsresultat.html|Driftsresultat | Hva er et driftsresultat?  | SpareBank 1 
200|Produkt||274073|https://www.sparebank1.no/nb/bank/bedrift/regnskap/regnskapsprogram/sparebank1-regnskap/arsoppgjor.html|Ta årsoppgjøret i SpareBank 1 Regnskap | SpareBank 1 
200|Produkt||264924|https://www.sparebank1.no/nb/bank/bedrift/regnskap/regnskapsprogram/sparebank1-regnskap/nytt-i-regnskapsprogrammet/235-237.html|SpareBank 1 Regnskap versjon 235-237 | SpareBank 1 
200|Produkt||284903|https://www.sparebank1.no/nb/bank/bedrift/regnskap/regnskapsforer/bytte-regnskapsforer.html|Bytte regnskapsfører | SpareBank 1 
200|Produkt||264180|https://www.sparebank1.no/nb/bank/bedrift/regnskap/regnskapsprogram/sparebank1-regnskap/nytt-i-regnskapsprogrammet/270.html|SpareBank 1 Regnskap versjon 270 | SpareBank 1 
200|Produkt||261707|https://www.sparebank1.no/nb/bank/bedrift/regnskap/guide/hva-er-lonn.html|Hva er lønn? | SpareBank 1 
200|Produkt||263383|https://www.sparebank1.no/nb/bank/bedrift/regnskap/regnskapsprogram/sparebank1-regnskap/nytt-i-regnskapsprogrammet/254.html|SpareBank 1 Regnskap versjon 254 | SpareBank 1 
200|Kategori||261829|https://www.sparebank1.no/nb/bank/bedrift/sparing-investering.html|Sparing og investering bedrift | Få mer ut av overskuddet | SpareBank 1 
200|||17910|https://www.sparebank1.no/nb/bank/bedrift/starte-bedrift/kundehistorier/fra-juss-til-gjester.html|Fra juss til gjester | SpareBank 1 
200|Produkt||296525|https://www.sparebank1.no/nb/bank/bedrift/starte-bedrift/kundehistorier.html|Kundehistorier | Hvordan lykkes med egen bedrift | SpareBank 1 
200|Produkt||324679|https://www.sparebank1.no/nb/bank/bedrift/starte-bedrift/drive-bedrift/konkurs.html|Konkurs | Hvordan foregår det? | SpareBank 1 
200|Produkt||314869|https://www.sparebank1.no/nb/bank/bedrift/starte-bedrift/selskapsform/enkeltpersonforetak.html|Starte enkeltpersonforetak | Opprette enkeltmannsforetak | ENK  | SpareBank 1 
200|Produkt||274341|https://www.sparebank1.no/nb/bank/bedrift/svindel/unnga-a-bli-lurt.html|Unngå å bli lurt | SpareBank 1 
200|Produkt||260160|https://www.sparebank1.no/nb/bank/bedrift/svindel.html|Svindel mot bedrifter | SpareBank 1 
200|Oversikt side||262876|https://www.sparebank1.no/nb/bank/bedrift/tips-og-rad.html|Tips og råd | SpareBank 1 
200|Produkt||281867|https://www.sparebank1.no/nb/bank/bedrift/starte-bedrift.html|Starte egen bedrift? | Gode råd om hvordan starte bedrift | SpareBank 1 
200|Produkt||259193|https://www.sparebank1.no/nb/bank/bedrift/tips-og-rad/idrettens-bank/baerekraft-idrettslag.html|Bærekraft i idrettslaget | SpareBank 1 
200|||17545|https://www.sparebank1.no/nb/bank/om-oss/hjemme.html|Der du føler deg hjemme | SpareBank 1 
200|Marked||268547|https://www.sparebank1.no/nb/bank/om-oss.html|Om oss | SpareBank 1 
200|Produkt||263062|https://www.sparebank1.no/nb/bank/om-oss/info/om-spleis-og-sparebank1.html|Visste du at SpareBank 1 eier Spleis? | SpareBank 1 
200|||17027|https://www.sparebank1.no/nb/bank/om-oss/nyheter.html|Nyheter | SpareBank 1 
200|Om oss||175516|https://www.sparebank1.no/nb/bank/om-oss/jobb-og-karriere.html|Jobb og karriere | SpareBank 1 
200|||18222|https://www.sparebank1.no/nb/bank/om-oss/nyheter/5-lommebokvennlige-tips-til-juleshoppingen-.html|Kredittkort - 5 smarte tips til julehandel med kredittkort | SpareBank 1 
200|||18731|https://www.sparebank1.no/nb/bank/om-oss/nyheter/Bruk_mobilbanken_fa_kontroll_pa_okonomien.html|Bruk mobilbanken for å få kontroll på økonomien  | SpareBank 1 
200|||19171|https://www.sparebank1.no/nb/bank/om-oss/nyheter/advarer-mot-ny-svindelbolge----eldre-og-enslige-kvinner-saerlig-.html|Advarer mot ny svindelbølge: – Eldre og enslige kvinner særlig utsatt | SpareBank 1 
200|Om oss||208700|https://www.sparebank1.no/nb/bank/om-oss/investor.html|Investor | SpareBank 1 
200|||18369|https://www.sparebank1.no/nb/bank/om-oss/nyheter/bamses-historie-traktorulykken.html|“Det kunne gått mye verre” – Bamses historie fra traktorulykken | SpareBank 1 
200|||20473|https://www.sparebank1.no/nb/bank/om-oss/nyheter/bank-regnskap-nerderiket.html|Regnskapet fikser jeg selv | SpareBank 1 
200|||18764|https://www.sparebank1.no/nb/bank/om-oss/nyheter/bankkort-laget-av-resirkulert-plast.html|Ditt neste bankkort er laget av resirkulert plast | SpareBank 1 
200|||18491|https://www.sparebank1.no/nb/bank/om-oss/nyheter/bli-kvitt-forbruksgjelden-.html|Bli kvitt forbruksgjelden  | SpareBank 1 
200|||17787|https://www.sparebank1.no/nb/bank/om-oss/nyheter/bor-jeg-bytte-fond.html|Bør jeg bytte fond? | SpareBank 1 
200|||19209|https://www.sparebank1.no/nb/bank/om-oss/nyheter/de-vanligste-formene-for-nettsvindel--slik-unngar-du-a-bli-lurt-.html|De vanligste formene for nettsvindel: Slik unngår du å bli lurt  | SpareBank 1 
200|||18331|https://www.sparebank1.no/nb/bank/om-oss/nyheter/det-enkle-er-ofte-det-beste.html|Det enkle er ofte det beste – også innen finans | SpareBank 1 
200|||18358|https://www.sparebank1.no/nb/bank/om-oss/nyheter/dropper-syden---velger-sommerferie-i-norge.html|Dropper syden – velger sommerferie i Norge | SpareBank 1 
200|||18600|https://www.sparebank1.no/nb/bank/om-oss/nyheter/er-bilen-din-i-form-til-langtur-i-sommer-.html|Er bilen din i form til langtur i sommer? | SpareBank 1 
200|||18324|https://www.sparebank1.no/nb/bank/om-oss/nyheter/forsikring-forstehjelpsskrin-for-kjaeledyr.html|Førstehjelpsskrin for kjæledyr | SpareBank 1 
200|||18745|https://www.sparebank1.no/nb/bank/om-oss/nyheter/forsikring-De-faerreste-av-oss-planlegger-utenlandsferie-i-sommer.html|De færreste av oss planlegger utenlandsferie i sommer | SpareBank 1 
200|||18679|https://www.sparebank1.no/nb/bank/om-oss/nyheter/forsikring-ladeangst-slik-unngaar-du-at-bilen-gaar-tom-for-batteri.html|Ladeangst? Slik unngår du at bilen går tom for batteri | SpareBank 1 
200|||18576|https://www.sparebank1.no/nb/bank/om-oss/nyheter/felles-forsikringer-samlivsbrudd.html|Hva skjer med felles forsikringer i samlivsbrudd? | SpareBank 1 
200|||18660|https://www.sparebank1.no/nb/bank/om-oss/nyheter/fjerne-traer-eiendom-klar-over-dette.html|Skal du fjerne trær på eiendommen din? Dette må du være klar over. | SpareBank 1 
200|||18480|https://www.sparebank1.no/nb/bank/om-oss/nyheter/forsikring-kom-i-gang-med-klimatilpasning-i-bedriften.html|Slik kommer du i gang med klimatilpasning i bedriften | SpareBank 1 
200|||18786|https://www.sparebank1.no/nb/bank/om-oss/nyheter/forsikring-slik-blir-du-trygg-grillmester.html|Slik blir du en trygg grillmester   | SpareBank 1 
200|||18659|https://www.sparebank1.no/nb/bank/om-oss/nyheter/forsikring-spare-strom-pa-hytta-les-disse-radene-forst.html|Spare strøm på hytta? Les disse rådene først | SpareBank 1 
200|||18221|https://www.sparebank1.no/nb/bank/om-oss/nyheter/forsinket-fly-bare-senk-skuldrene.html|Forsinket fly? Bare senk skuldrene | SpareBank 1 
200|||18131|https://www.sparebank1.no/nb/bank/om-oss/nyheter/forsikringene-du-trenger-som-ung.html|Forsikringene du trenger som ung | SpareBank 1 
200|||18138|https://www.sparebank1.no/nb/bank/om-oss/nyheter/fremtind-kundefavoritt-forsikring.html|Fremtind kåret til kundefavoritt | SpareBank 1 
200|||18188|https://www.sparebank1.no/nb/bank/om-oss/nyheter/hvorfor-er-det-viktig-aa-forsikre-husdyrene-dine.html|Hvorfor er det viktig å forsikre husdyrene dine?  | SpareBank 1 
200|||18564|https://www.sparebank1.no/nb/bank/om-oss/nyheter/gode-raad-til-deg-som-skal-ovelseskjore-med-ungdommen-i-sommer.html|Gode råd til deg som skal øvelseskjøre med ungdommen | SpareBank 1 
200|||18579|https://www.sparebank1.no/nb/bank/om-oss/nyheter/ikke-bestill-neste-ars-sommerferie-enna.html|Ikke bestill neste års sommerferie ennå | SpareBank 1 
200|||18822|https://www.sparebank1.no/nb/bank/om-oss/nyheter/i-dag-kommer-tordenvaeret---slik-sikrer-du-deg-mot-lynnedslag0.html|I dag kommer tordenværet – slik sikrer du deg mot lynnedslag | SpareBank 1 
200|||18376|https://www.sparebank1.no/nb/bank/om-oss/nyheter/na-blir-det-lettere-a-overta-jobben-min.html|Regnskap |  Enklere å være kasserer i roklubben | SpareBank 1 
200|||18036|https://www.sparebank1.no/nb/bank/om-oss/nyheter/mus-og-gnagere-kan-skade-bilen-din.html|Mus og gnagere kan gjøre stor skade på bilen din | SpareBank 1 
200|||18257|https://www.sparebank1.no/nb/bank/om-oss/nyheter/leie-ut-hytta.html|Hytteforsikring |  Dette bør du tenke på hvis du skal leie ut | SpareBank 1 
200|||18476|https://www.sparebank1.no/nb/bank/om-oss/nyheter/nar-overfores-penger-mellom-kontoer-.html|Når overføres penger mellom kontoer? | SpareBank 1 
200|||18703|https://www.sparebank1.no/nb/bank/om-oss/nyheter/nye-pakker-fra-regjeringen-i-dag-.html|Nye pakker fra regjeringen i dag  | SpareBank 1 
200|||18943|https://www.sparebank1.no/nb/bank/om-oss/nyheter/regjeringens-kontantstotte--disse-bedriftene-kan-soke.html|Kontantstøtte for bedrifter | SpareBank 1 
200|||18301|https://www.sparebank1.no/nb/bank/om-oss/nyheter/sell-in-may-and-go-away--.html|Sell in May and go away?  | SpareBank 1 
200|||18847|https://www.sparebank1.no/nb/bank/om-oss/nyheter/skal-du-til-utlandet-i-hostferien--dette-gjelder-.html|Skal du til utlandet i høstferien? Dette gjelder! | SpareBank 1 
200|||18430|https://www.sparebank1.no/nb/bank/om-oss/nyheter/skattemeldingen--spar-skatt-og-fa-bedre-oversikt.html|Skattemeldingen: Spar skatt og få bedre oversikt | SpareBank 1 
200|||18556|https://www.sparebank1.no/nb/bank/om-oss/nyheter/slik-unngar-du-at-brann-odelegger-julekosen.html|Slik unngår du at brann ødelegger julekosen | SpareBank 1 
200|||18580|https://www.sparebank1.no/nb/bank/om-oss/nyheter/slik-fungerer-forsikring-under-arrangerte-lop.html|Slik fungerer forsikring under arrangerte løp  | SpareBank 1 
200|||18467|https://www.sparebank1.no/nb/bank/om-oss/nyheter/slik-gjor-du-veiene-tryggere-i-sommer.html|Slik gjør du veiene tryggere i sommer | SpareBank 1 
200|||18575|https://www.sparebank1.no/nb/bank/om-oss/nyheter/slik-unngar-du-lokketilbud-under-black-week.html|Slik unngår du lokketilbud under Black Week | SpareBank 1 
200|||17725|https://www.sparebank1.no/nb/bank/om-oss/nyheter/sparebank1-makrooppdatering--enorme-krisepakker--helikopterpenge.html|SpareBank1 makrooppdatering: Enorme krisepakker, helikopterpenger &amp; felles obligasjoner i Europa | SpareBank 1 
200|||17905|https://www.sparebank1.no/nb/bank/om-oss/nyheter/slik-unngikk-lukas-den-nye-instagram-svindelen-.html|Svindel på nett: Slik unngikk Lukas den nye Instagram-svindelen  | SpareBank 1 
200|||18221|https://www.sparebank1.no/nb/bank/om-oss/nyheter/svindel-unnga-aa-bli-lurt.html|Svindel | Slik unngår du å bli lurt  | SpareBank 1 
200|||18357|https://www.sparebank1.no/nb/bank/om-oss/nyheter/trenger-jeg-mer-enn-ett-fond.html|Trenger jeg mer enn ett fond? | SpareBank 1 
200|||18391|https://www.sparebank1.no/nb/bank/om-oss/nyheter/tusenvis-a-spare-pa-a-velge-riktig-bilforsikring.html|Tusenvis å spare på å velge riktig bilforsikring | SpareBank 1 
200|||18626|https://www.sparebank1.no/nb/bank/om-oss/nyheter/verdens-viktigste-rente.html|Ekspert: – Rentemarkedet klarer å spå kriser gang på gang   | SpareBank 1 
200|||18579|https://www.sparebank1.no/nb/bank/om-oss/nyheter/verkstedpraksis-gir-dyrere-bilforsikring-og-okte-utslipp.html|Verkstedpraksis gir dyrere bilforsikring og økte utslipp | SpareBank 1 
200|||17794|https://www.sparebank1.no/nb/bank/om-oss/rekke-opp-handa.html|Rekke opp hånda | SpareBank 1 
200|Om oss||63079|https://www.sparebank1.no/nb/bank/om-oss/presse.html|Presse | SpareBank 1 
200|Om oss||378112|https://www.sparebank1.no/nb/bank/om-oss/personvern.html|Personvern | SpareBank 1 
200|Om oss||179755|https://www.sparebank1.no/nb/bank/om-oss/samfunnsansvar.html|Samfunnsansvar | SpareBank 1 
200|Produkt||68813|https://www.sparebank1.no/nb/bank/om-oss/selskaper/sparebank-1-forsikring/baerekraft/lov-om-baerekraft.html|Lov om bærekraft | SpareBank 1 
200|Marked||279793|https://www.sparebank1.no/nb/bank/privat.html|Privat | SpareBank 1 
200|Produkt||263565|https://www.sparebank1.no/nb/bank/om-oss/vare-eksperter.html|Våre eksperter | Få råd om økonomi, sparing og pensjon | SpareBank 1 
200|Om oss||61036|https://www.sparebank1.no/nb/bank/om-oss/selskaper/sparebank-1-portefolje/slik-ivaretar-vi-ditt-personvern-og-var-taushetsplikt.html|Slik ivaretar vi ditt personvern og vår taushetsplikt | SpareBank 1 
200|Om oss||263959|https://www.sparebank1.no/nb/bank/om-oss/selskaper.html|Selskaper | SpareBank 1 
200|Tema||284343|https://www.sparebank1.no/nb/bank/privat/daglig-bruk/kredittkort/netthandel-kredittkort.html|Netthandel og kredittkort | SpareBank 1 
200|Kategori||271150|https://www.sparebank1.no/nb/bank/privat/daglig-bruk.html|Daglig bruk | SpareBank 1 
200|Produkt||276504|https://www.sparebank1.no/nb/bank/privat/daglig-bruk/kredittkort/valutapaslag.html|Valutapåslag | SpareBank 1 
200|Produkt||382155|https://www.sparebank1.no/nb/bank/privat/daglig-bruk/mobilbank/mobilbank-for-barn.html|Mobilbank for barn | SpareBank 1 
200|Produkt||328338|https://www.sparebank1.no/nb/bank/privat/daglig-bruk/betaling/kontaktlos-betaling/google-pay.html|Google Pay | SpareBank 1 
200|Kategori||264325|https://www.sparebank1.no/nb/bank/privat/eiendom.html|Eiendom | SpareBank 1 
200|Produkt||314101|https://www.sparebank1.no/nb/bank/privat/eiendom/kjope-bolig/egenkapital-og-finansiering.html|Egenkapital og finansiering | SpareBank 1 
200|Produkt||405689|https://www.sparebank1.no/nb/bank/privat/daglig-bruk/bankkort/ungdomskort.html|Ungdomskortet | Bankkort for ungdom | SpareBank 1 
200|Kategori||368967|https://www.sparebank1.no/nb/bank/privat/forsikring.html|Forsikring | Se våre dekninger og sjekk pris | SpareBank 1 
200|Produkt||382122|https://www.sparebank1.no/nb/bank/privat/forsikring/barneforsikring/hva-dekker-barneforsikringen.html|Hva dekker barneforsikring? | SpareBank 1 
200|Produkt||412876|https://www.sparebank1.no/nb/bank/privat/forsikring/batforsikring.html|Båtforsikring | Beregn pris | SpareBank 1 
200|Tema||187876|https://www.sparebank1.no/nb/bank/privat/forsikring/bilforsikring/leasing.html|Leasing | Bilforsikring | SpareBank 1 
200|Tema||210229|https://www.sparebank1.no/nb/bank/privat/forsikring/best-i-test-forsikring.html|Beste forsikring i test | Best i test-utmerkelser | SpareBank 1 
200|Produkt||207992|https://www.sparebank1.no/nb/bank/privat/forsikring/betalingsforsikring.html|Betalingsforsikring | SpareBank 1 
200|Tema||170173|https://www.sparebank1.no/nb/bank/privat/forsikring/bilforsikring/veteranforsikring/kjop-pris-tilbud.html|Sjekk pris på veteranforsikring | SpareBank 1 
200|Tema||367002|https://www.sparebank1.no/nb/bank/privat/forsikring/bilforsikring/min-bilforsikring.html|Min bilforsikring | Logg inn | SpareBank 1 
200|Tema||184690|https://www.sparebank1.no/nb/bank/privat/forsikring/husforsikring/setningsskader.html|Setningsskader | Forsikring | SpareBank 1 
200|Tema||173928|https://www.sparebank1.no/nb/bank/privat/forsikring/innboforsikring/droneforsikring.html|Droneforsikring | Ansvarsforsikring | SpareBank 1 
200|Tema||324549|https://www.sparebank1.no/nb/bank/privat/forsikring/boligforsikringer.html|Boligforsikringer | Hus, hytte og innbo | SpareBank 1 
200|Underkategori||274905|https://www.sparebank1.no/nb/bank/privat/forsikring/lofavor-forsikring.html|LOfavør forsikring | SpareBank 1 
200|Produkt||316863|https://www.sparebank1.no/nb/bank/privat/forsikring/boligselgerforsikring.html|Boligselgerforsikring | SpareBank 1 
200|Tema||245557|https://www.sparebank1.no/nb/bank/privat/forsikring/reiseforsikring/smart-delay.html|SmartDelay+ | Hvis flyet blir forsinket | SpareBank 1 
200|Produkt||503511|https://www.sparebank1.no/nb/bank/privat/forsikring/reiseforsikring/lofavor-reiseforsikring.html|LOfavør Reiseforsikring | SpareBank 1 
200|Produkt||295107|https://www.sparebank1.no/nb/bank/privat/forsikring/verdisakforsikring/klokkeforsikring.html|Klokkeforsikring | Har du en ekstra dyr klokke? | SpareBank 1 
200|Kundeservice||318708|https://www.sparebank1.no/nb/bank/privat/kundeservice.html|Kundeservice | SpareBank 1 
200|Spørsmål||259010|https://www.sparebank1.no/nb/bank/privat/kundeservice/betaling/apple-pay-sms-aktivering.html|SMS fra SpareBank 1 om Apple Pay | SpareBank 1 
200|Produkt||167525|https://www.sparebank1.no/nb/bank/privat/info/selskapsinformasjon.html|Selskapsinformasjon | SpareBank 1 
200|Spørsmål||265071|https://www.sparebank1.no/nb/bank/privat/kundeservice/betaling/hvordan-oppretter-jeg-depositumskonto.html|Hvordan oppretter jeg depositumskonto | SpareBank 1 
200|Spørsmål||260697|https://www.sparebank1.no/nb/bank/privat/kundeservice/betaling/hvordan-endrer-jeg-opplysninger-pa-autopass-avtalen.html|Hvordan oppdaterer jeg AutoPASS-avtalen min? | SpareBank 1 
200|Spørsmål||258848|https://www.sparebank1.no/nb/bank/privat/kundeservice/betaling/click-to-pay-deaktivere.html|Kan jeg deaktivere Click to Pay? | SpareBank 1 
200|Spørsmål||262698|https://www.sparebank1.no/nb/bank/privat/kundeservice/betaling/hvorfor-star-det-at-dekning-mangler-nar-jeg-har-penger-pa-konto.html|Hvorfor står det at jeg mangler dekning når jeg har penger på kontoen? | SpareBank 1 
200|Spørsmål||260911|https://www.sparebank1.no/nb/bank/privat/kundeservice/betaling/hvordan-oppretter-jeg-en-efakturaavtale.html|Hvordan opprette eFaktura | SpareBank 1 
200|Spørsmål||175254|https://www.sparebank1.no/nb/bank/privat/kundeservice/forsikring/avskiltingsbegjering-forsikring.html|Avskiltingsbegjæring | Forsikring | SpareBank 1 
200|Spørsmål||259206|https://www.sparebank1.no/nb/bank/privat/kundeservice/betaling/kvittering-utlandsbetaling.html|Hvor finner jeg kvittering på utenlandsbetaling? | SpareBank 1 
200|Spørsmål||173861|https://www.sparebank1.no/nb/bank/privat/kundeservice/forsikring/begrensning-pa-erstatning-for-dyre-ting-og-samlinger.html|Kunst, smykker og samlinger i innboforsikringen | SpareBank 1 
200|Spørsmål||172729|https://www.sparebank1.no/nb/bank/privat/kundeservice/forsikring/eierskifteforsikring.html|Hva er eierskifteforsikring? | Hus | Bil | SpareBank 1 
200|Spørsmål||174377|https://www.sparebank1.no/nb/bank/privat/kundeservice/forsikring/dekker-forsikringen-psykolog-psykiater.html|Psykolog dekket av forsikring | SpareBank 1 
200|Spørsmål||172970|https://www.sparebank1.no/nb/bank/privat/kundeservice/forsikring/boligselgerforsikring-egenandel.html|Hva er egenandelen på boligselgerforsikringen? | SpareBank 1 
200|Spørsmål||173593|https://www.sparebank1.no/nb/bank/privat/kundeservice/forsikring/er-garasjen-inkludert-i-hus-og-fritidshusforsikringen.html|Forsikring garasje | SpareBank 1 
200|Spørsmål||169732|https://www.sparebank1.no/nb/bank/privat/kundeservice/forsikring/forsikring-dykking.html|Hvilken forsikring gjelder ved dykking? | SpareBank 1 
200|Spørsmål||171579|https://www.sparebank1.no/nb/bank/privat/kundeservice/forsikring/husforsikring-ansvar.html|Dekker husforsikring ansvar? | SpareBank 1 
200|Spørsmål||174863|https://www.sparebank1.no/nb/bank/privat/kundeservice/forsikring/forsikring-kryssord.html|Hva er forsikring i kryssord? | SpareBank 1 
200|Spørsmål||168663|https://www.sparebank1.no/nb/bank/privat/kundeservice/forsikring/hussopp-rate.html|Hussopp og råte | Husforsikring | SpareBank 1 
200|Spørsmål||170960|https://www.sparebank1.no/nb/bank/privat/kundeservice/forsikring/hva-dekker-boligselgerforsikring.html|Hva dekker boligselgerforsikring? | SpareBank 1 
200|Spørsmål||171214|https://www.sparebank1.no/nb/bank/privat/kundeservice/forsikring/hva-er-psykologisk-forstehjelp.html|Hva er psykologisk førstehjelp? | SpareBank 1 
200|Spørsmål||170511|https://www.sparebank1.no/nb/bank/privat/kundeservice/forsikring/hva-koster-katteforsikring.html|Hva koster katteforsikring? | SpareBank 1 
200|Spørsmål||171743|https://www.sparebank1.no/nb/bank/privat/kundeservice/forsikring/hva-koster-livsforsikring.html|Hva koster livsforsikring? | SpareBank 1 
200|Spørsmål||172657|https://www.sparebank1.no/nb/bank/privat/kundeservice/forsikring/hva-gjor-jeg-ved-flom.html|Flom | Forsikring | SpareBank 1 
200|Spørsmål||173598|https://www.sparebank1.no/nb/bank/privat/kundeservice/forsikring/kan-jeg-endre-kjorelengden-pa-bilforsikringen.html|Endre kjørelengde på bilforsikringen | SpareBank 1 
200|Spørsmål||175582|https://www.sparebank1.no/nb/bank/privat/kundeservice/forsikring/klage-pa-boligkjop.html|Hva er fristen for å klage på boligkjøpet? | SpareBank 1 
200|Spørsmål||169890|https://www.sparebank1.no/nb/bank/privat/kundeservice/forsikring/kjope-bilforsikring-med-d-nummer.html|Kan jeg kjøpe bilforsikring med d-nummer? | SpareBank 1 
200|Spørsmål||197751|https://www.sparebank1.no/nb/bank/privat/kundeservice/forsikring/mistet-bilnokkel-hva-gjor-jeg.html|Mistet bilnøkkelen. Hva gjør jeg? Når dekker vi ny bilnøkkel? | SpareBank 1 
200|Spørsmål||173020|https://www.sparebank1.no/nb/bank/privat/kundeservice/forsikring/reiseforsikring-over-70-75-ar.html|Reiseforsikring over 70/75 år | SpareBank 1 
200|Spørsmål||176989|https://www.sparebank1.no/nb/bank/privat/kundeservice/forsikring/sikkerhetsforskrifter-moped.html|Sikkerhetsforskrift for moped og scooter | SpareBank 1 
200|Spørsmål||174127|https://www.sparebank1.no/nb/bank/privat/kundeservice/forsikring/stjalet-bil-hva-gjor-jeg.html|Bilen min er stjålet, hva gjør jeg? | SpareBank 1 
200|Spørsmål||174038|https://www.sparebank1.no/nb/bank/privat/kundeservice/forsikring/midlertidig-uforepensjon.html|Hva er midlertidig uførepensjon? | Når starter utbetalingen? | SpareBank 1 
200|Spørsmål||174220|https://www.sparebank1.no/nb/bank/privat/kundeservice/forsikring/tannforsikring-tannskade.html|Hva er tannforsikring? | SpareBank 1 
200|Spørsmål||168499|https://www.sparebank1.no/nb/bank/privat/kundeservice/forsikring/tap-av-bruksverdi.html|Hva betyr tap av bruksverdi? | SpareBank 1 
200|Basepage||174272|https://www.sparebank1.no/nb/bank/privat/kundeservice/kontakt.html|Kontakt oss | SpareBank 1 
200|Spørsmål||261358|https://www.sparebank1.no/nb/bank/privat/kundeservice/kort/hvor-lang-tid-gar-det-for-jeg-far-kortet-jeg-har-bestilt.html|Når får jeg bankkortet mitt i posten? | SpareBank 1 
200|Spørsmål||258812|https://www.sparebank1.no/nb/bank/privat/kundeservice/kort/hvordan-betale-med-mikrokort.html|Hvordan betaler jeg med mikrokort? | SpareBank 1 
200|Spørsmål||260731|https://www.sparebank1.no/nb/bank/privat/kundeservice/kort/hvorfor-reklamasjon.html|Hvorfor kan jeg reklamere til banken? | SpareBank 1 
200|Spørsmål||257610|https://www.sparebank1.no/nb/bank/privat/kundeservice/kort/jeg-far-ikke-bestilt-kort.html|Jeg får ikke bestilt kort | SpareBank 1 
200|Spørsmål||258547|https://www.sparebank1.no/nb/bank/privat/kundeservice/kort/koster-det-noe-a-bruke-google-pay.html|Koster det noe å bruke Google Pay? | SpareBank 1 
200|Spørsmål||262872|https://www.sparebank1.no/nb/bank/privat/kundeservice/kort/kredittkort-jeg-onsker-a-betale-inn-ekstra-pa-mitt-kredittkort--.html|Betale inn ekstra på kredittkortet | SpareBank 1 
200|Spørsmål||258208|https://www.sparebank1.no/nb/bank/privat/kundeservice/kort/samsung-pay-mistet-telefon.html|Kan noen misbruke Samsung Pay hvis jeg har mistet mobilen min? | SpareBank 1 
200|Spørsmål||262759|https://www.sparebank1.no/nb/bank/privat/kundeservice/kort/strommetjenester-rabatt.html|Rabatt på streamingtjenester med Mastercard Ung | SpareBank 1 
200|Spørsmål||259437|https://www.sparebank1.no/nb/bank/privat/kundeservice/lan/er-det-mulig-a-fa-fullfinansiert.html|Er det mulig å få fullfinansiert objekter hos dere? | SpareBank 1 
200|Spørsmål||260601|https://www.sparebank1.no/nb/bank/privat/kundeservice/lan/hvem-betaler-for-omregistrering.html|Hvem betaler for omregistrering? | SpareBank 1 
200|Spørsmål||260650|https://www.sparebank1.no/nb/bank/privat/kundeservice/lan/hvor-lang-tid-a-fa-finansieringsbevis.html|Hvor lang tid tar det å få finansieringsbevis? | SpareBank 1 
200|Spørsmål||259555|https://www.sparebank1.no/nb/bank/privat/kundeservice/lan/kan-jeg-fa-byggelan-til-garasje-.html|Kan jeg få byggelån til garasje? | SpareBank 1 
200|Spørsmål||262464|https://www.sparebank1.no/nb/bank/privat/kundeservice/lan/kjope-eller-selge-bolig-forst.html|Bør jeg kjøpe eller selge bolig først? | SpareBank 1 
200|Spørsmål||260842|https://www.sparebank1.no/nb/bank/privat/kundeservice/lan/hvordan-endrer-jeg-konto-som-lanet-trekkes-fra.html|Hvordan endrer jeg konto som lånet trekkes fra? | SpareBank 1 
200|Spørsmål||263469|https://www.sparebank1.no/nb/bank/privat/kundeservice/lan/samtykke-til-innhenting-av-opplysninger-fra-gjeldsregisteret.html|Hvordan vet dere om forbruksgjelden jeg har hos andre banker? Har jeg samtykket til det? | SpareBank 1 
200|Spørsmål||259328|https://www.sparebank1.no/nb/bank/privat/kundeservice/lan/ma-jeg-ha-kasko-i-bilforsikringen.html|Må jeg ha kasko i bilforsikringen? | SpareBank 1 
200|Spørsmål||259305|https://www.sparebank1.no/nb/bank/privat/kundeservice/mobil/hva-kan-barnet-gjore-med-spink.html|Hva kan barnet gjøre i Spink - mobilbank for barn? | SpareBank 1 
200|Spørsmål||266501|https://www.sparebank1.no/nb/bank/privat/kundeservice/mobil/hvordan-bestiller-jeg-mobilbank-for-barn.html|Hvordan får barnet mitt mobilbank? | SpareBank 1 
200|Spørsmål||263691|https://www.sparebank1.no/nb/bank/privat/kundeservice/mobil/hvorfor-id-kontroll-i-bankid-appen.html|Hvorfor har jeg fått beskjed om å gjennomføre ID‑kontroll i BankID‑appen? | SpareBank 1 
200|Spørsmål||261322|https://www.sparebank1.no/nb/bank/privat/kundeservice/nettbank/dodsbo-tilgang-bankkonto-skifteattest.html|Hvordan får jeg tilgang til den avdødes bankkontoer? | SpareBank 1 
200|Spørsmål||261993|https://www.sparebank1.no/nb/bank/privat/kundeservice/nettbank/hvordan-klubb-lag-forening-betale-regninger-oversikt-okonomi.html|Hvordan kan en klubb, et lag eller en forening betale regninger og holde oversikt over økonomien?  | SpareBank 1 
200|Spørsmål||267489|https://www.sparebank1.no/nb/bank/privat/kundeservice/mobil/hvorfor-henger-innloggingsbildet-nar-jeg-prover-engangskode-appen.html|Hvorfor kommer jeg ikke forbi innloggingsvinduet med BankID-appen? | SpareBank 1 
200|Spørsmål||258249|https://www.sparebank1.no/nb/bank/privat/kundeservice/nettbank/hvordan-sperre-konto.html|Hvordan sperrer jeg en konto? | SpareBank 1 
200|Spørsmål||263052|https://www.sparebank1.no/nb/bank/privat/kundeservice/nettbank/hvorfor-er-det-ulike-krav-for-innlogging-med-og-uten-bankid.html|Hvorfor er det ulike krav for innlogging med og uten BankID | SpareBank 1 
200|Spørsmål||256148|https://www.sparebank1.no/nb/bank/privat/kundeservice/nettbank/kan-jeg-bruke-smarttelefon-eller-lesebrett.html|NETTMØTE Kan jeg bruke smarttelefon eller nettbrett? | SpareBank 1 
200|Spørsmål||261565|https://www.sparebank1.no/nb/bank/privat/kundeservice/sparing-og-pensjon/Hva-er-et-pensjonskapitalbevis.html|Hva er et pensjonskapitalbevis? | SpareBank 1 
200|Spørsmål||267192|https://www.sparebank1.no/nb/bank/privat/kundeservice/sparing-og-pensjon/fond-hvilke-fondstyper-kan-jeg-velge-mellom-.html|Hvilke fond kan jeg velge mellom? | Fondstyper | SpareBank 1 
200|Spørsmål||260536|https://www.sparebank1.no/nb/bank/privat/kundeservice/sparing-og-pensjon/fornye-fastrenteinnskudd.html|Kan jeg fornye fastrenteinnskuddet? | SpareBank 1 
200|Spørsmål||265468|https://www.sparebank1.no/nb/bank/privat/kundeservice/sparing-og-pensjon/hva-er-aksje-og-rentefond.html|Hva er aksjefond og rentefond? | SpareBank 1 
200|Spørsmål||263122|https://www.sparebank1.no/nb/bank/privat/kundeservice/sparing-og-pensjon/hvem-betaler-for-egen-pensjonskonto.html|Hvem betaler for egen pensjonskonto? | SpareBank 1 
200|Spørsmål||263902|https://www.sparebank1.no/nb/bank/privat/kundeservice/sparing-og-pensjon/hvordan-regne-ut-renter.html|Hvordan regne ut renter på sparekonto? | SpareBank 1 
200|Spørsmål||263082|https://www.sparebank1.no/nb/bank/privat/kundeservice/sparing-og-pensjon/hvor-lenge-kan-jeg-spare-i-bsu.html|Hvor lenge kan jeg spare i BSU? | SpareBank 1 
200|Spørsmål||263214|https://www.sparebank1.no/nb/bank/privat/kundeservice/sparing-og-pensjon/jeg-har-flere-kort-pa-samme-konto--hvilket-kort-forer-til-sparing.html|Jeg har flere kort på samme konto, hvilket kort fører til sparing på mikrospar? | SpareBank 1 
200|Spørsmål||260238|https://www.sparebank1.no/nb/bank/privat/kundeservice/sparing-og-pensjon/kan-jeg-avslutte-for-pensjonsalder.html|Kan jeg avslutte IPS eller få utbetalt innestående beløp før pensjonsalder - 62 år? | SpareBank 1 
200|Spørsmål||262572|https://www.sparebank1.no/nb/bank/privat/kundeservice/sparing-og-pensjon/kan-man-bare-kjope-og-selge-odin-fond-med-aksjesparekonto.html|Kan jeg bare kjøpe og selge ODIN-fond med aksjesparekonto? | SpareBank 1 
200|Spørsmål||257955|https://www.sparebank1.no/nb/bank/privat/kundeservice/sparing-og-pensjon/stop-loss.html|Hva er Stop loss? | SpareBank 1 
200|Spørsmål||261870|https://www.sparebank1.no/nb/bank/privat/kundeservice/sparing-og-pensjon/skatt-pa-pensjon.html|Hvor mye betaler jeg i skatt på pensjon? | SpareBank 1 
200|Spørsmål||261069|https://www.sparebank1.no/nb/bank/privat/kundeservice/sparing-og-pensjon/kan-jeg-flytte-pkb-med-avkastningsgaranti.html|Kan jeg flytte et pensjonskapitalbevis som har avkastningsgaranti? | SpareBank 1 
200|Verktoy||269108|https://www.sparebank1.no/nb/bank/privat/kundeservice/verktoy/sperre-kort.html|Sperre kort | Åpne sperret kort | SpareBank 1 
200|Kategori||327342|https://www.sparebank1.no/nb/bank/privat/lan.html|Søk lån til bolig, bil eller andre ting | SpareBank 1 
200|Produkt||351201|https://www.sparebank1.no/nb/bank/privat/lan/billan/selge-bil.html|Tips til deg som skal selge bil | SpareBank 1 
200|Produkt||371425|https://www.sparebank1.no/nb/bank/privat/lan/billan.html|Billån | Søk lån til både ny og brukt bil | SpareBank 1 
200|||18486|https://www.sparebank1.no/nb/bank/privat/lan/refinansiering/refinansiere-forbrukslan/barnefamilie-sparer-penger.html|Linn og familien sparte penger på å refinansiere | SpareBank 1 
200|Produkt||359073|https://www.sparebank1.no/nb/bank/privat/lan/boliglan/flytte-boliglan.html|Flytte boliglån | Se om du kan få en lavere rente | SpareBank 1 
200|Produkt||406702|https://www.sparebank1.no/nb/bank/privat/lan/boliglan/boliglan-for-unge.html|Boliglån for unge (BLU) | For deg under 34 år | SpareBank 1 
200|Produkt||349870|https://www.sparebank1.no/nb/bank/privat/lan/forbrukslan.html|Forbrukslån | Lån uten sikkerhet | SpareBank 1 
200|Produkt||299754|https://www.sparebank1.no/nb/bank/privat/lan/boliglan/energimerking-bolig.html|Energimerking av bolig | SpareBank 1 
200|Tema||283277|https://www.sparebank1.no/nb/bank/privat/lan/forbrukslan/forbrukslan-kredittkort.html|Hva er best, kredittkort eller forbrukslån? | SpareBank 1 
200|Produkt||348793|https://www.sparebank1.no/nb/bank/privat/lofavor.html|LOfavør fordeler | Se hvor mye du kan spare | SpareBank 1 
200|Produkt||388138|https://www.sparebank1.no/nb/bank/privat/pensjon/ips.html|IPS | Pensjonssparing med skattefordel | SpareBank 1 
200|Produkt||404670|https://www.sparebank1.no/nb/bank/privat/pensjon.html|Pensjon | Din fremtidige lønn  | SpareBank 1 
200|Produkt||171225|https://www.sparebank1.no/nb/bank/privat/pensjon/egen-pensjonskonto/digital-kommunikasjon.html|Digital kommunikasjon med egen pensjonskonto | SpareBank 1 
200|Kategori||271436|https://www.sparebank1.no/nb/bank/privat/sparing.html|Spare | Sparing | SpareBank 1 
200|Produkt||336576|https://www.sparebank1.no/nb/bank/privat/sparing/investering/aksjehandel.html|Kjøpe og selge aksjer | Aksjehandel  | SpareBank 1 
200|Produkt||374752|https://www.sparebank1.no/nb/bank/privat/pensjon/minstepensjon.html|Minstepensjon | SpareBank 1 
200|||19068|https://www.sparebank1.no/nb/bank/privat/sparing/markedsnytt/artikler/gar-du-glipp-av-millioner-i-pensjon.html|Går du glipp av millioner i pensjon? – Mange får seg en overraskelse  | SpareBank 1 
200|Produkt||321398|https://www.sparebank1.no/nb/bank/privat/private-banking.html|Private Banking | SpareBank 1 
200|||18571|https://www.sparebank1.no/nb/bank/privat/sparing/markedsnytt/artikler/kan-utviklingen-til-teknologifondene-fortsette-videre-i-samme-tempo.html|Teknologifond: Kan festen fortsette? | SpareBank 1 
200|||19243|https://www.sparebank1.no/nb/bank/privat/sparing/markedsnytt/artikler/markedskommentar-av-alexander-miller-for-juni-2026.html|Første halvår 2026 – Kriser, hvilke kriser? | SpareBank 1 
200|||18710|https://www.sparebank1.no/nb/bank/privat/sparing/markedsnytt/artikler/millionforskjellen-du-ikke-vil-ga-glipp-av.html|Millionforskjellen du ikke vil gå glipp av | SpareBank 1 
200|||19436|https://www.sparebank1.no/nb/bank/privat/sparing/markedsnytt/artikler/pensjonist-og-okonomisk-fri.html|Pensjonist og økonomisk fri – Ragnhild (84) forklarer hvordan | SpareBank 1 
200|||18956|https://www.sparebank1.no/nb/bank/privat/sparing/markedsnytt/artikler/slik-kan-du-redusere-risikoen-i-fondssparingen-din.html|Dette trikset kan redusere risikoen i fondssparingen din | SpareBank 1 
200|||17805|https://www.sparebank1.no/nb/bank/privat/sparing/spare-i-fond/fond-for-alle.html|Fond | Kom i gang med fondssparing nå | SpareBank 1 
200|||18722|https://www.sparebank1.no/nb/bank/privat/sparing/markedsnytt/artikler/tre-viktige-rad-til-sparere-i-usikre-tider.html|Tre viktige råd til sparere i usikre tider | SpareBank 1 
200|Produkt||277230|https://www.sparebank1.no/nb/bank/privat/sparing/spare-i-fond/sparebank1-fondene/sparebank1-indeks-teknologi.html|SpareBank 1 Indeks Teknologi | SpareBank 1 
200|Produkt||393220|https://www.sparebank1.no/nb/bank/privat/sparing/spare-i-fond/fondspakke/teknologipakke.html|SpareBank 1s teknologipakke | Fond | SpareBank 1 
200|Kategori||261968|https://www.sparebank1.no/nb/bank/privat/svindel.html|Svindel | Sikkerhet | SpareBank 1 
200|Produkt||282394|https://www.sparebank1.no/nb/bank/privat/svindel/svindelmetoder/kjarlighetssvindel.html|Kjærlighetssvindel | SpareBank 1 
200|Produkt||343935|https://www.sparebank1.no/nb/bank/privat/sparing/spare-pa-konto/sparekonto.html|Sparekonto | God rente på sparepengene | SpareBank 1 
200|Produkt||271336|https://www.sparebank1.no/nb/bank/privat/sparing/spare-pa-konto/innskuddsgaranti.html|Innskuddsgaranti  | SpareBank 1 
200|Oversikt side||283287|https://www.sparebank1.no/nb/bank/privat/tips-og-rad.html|Tips og råd | SpareBank 1 
200|Tema||332890|https://www.sparebank1.no/nb/bank/privat/tips-og-rad/bygge-hus-hytte.html|Guide til deg som skal bygge hus | SpareBank 1 
200|||18556|https://www.sparebank1.no/nb/bank/privat/tips-og-rad/handle-lokalt.html|Handle julegavene lokalt i år | SpareBank 1 
200|Tema||287845|https://www.sparebank1.no/nb/bank/privat/tips-og-rad/slik-sikrer-du-kortet-ditt.html|Slik sikrer du kortet ditt | SpareBank 1 
200|Tema||303478|https://www.sparebank1.no/nb/bank/privat/tips-og-rad/energieffektivisering-av-bolig.html|Alt om energieffektivisering av boligen din | SpareBank 1 
200|Tema||288206|https://www.sparebank1.no/nb/bank/privat/tips-og-rad/sparebanden.html|Sparebanden | Lær barn om penger og økonomi | SpareBank 1 
