/	/nb/bank/privat
/nb/bank/bedrift/bedriftsforsikring/bransjer/borettslag-sameie.html	/nb/bank/bedrift/bedriftsforsikring/bransjer/borettslag-sameie
/nb/bank/bedrift/bedriftsforsikring.html	/nb/bank/bedrift/bedriftsforsikring
/nb/bank/bedrift/bedriftskort.html	/nb/bank/bedrift/bedriftskort
/nb/bank/bedrift/bedriftskort/kredittkort.html	/nb/bank/bedrift/bedriftskort/kredittkort
/nb/bank/bedrift/betaling.html	/nb/bank/bedrift/betaling
/nb/bank/bedrift/betaling/utenlandsbetaling.html	/nb/bank/bedrift/betaling/utenlandsbetaling
/nb/bank/bedrift/daglig-drift.html	/nb/bank/bedrift/daglig-drift
/nb/bank/bedrift.html	/nb/bank/bedrift
/nb/bank/bedrift/konto/bedriftskonto.html	/nb/bank/bedrift/konto/bedriftskonto
/nb/bank/bedrift/konto.html	/nb/bank/bedrift/konto
/nb/bank/bedrift/kundeservice/bank-regnskap/administrere-prisavtaler.html	/nb/bank/bedrift/kundeservice/bank-regnskap/administrere-prisavtaler
/nb/bank/bedrift/kundeservice/bank-regnskap/aktivere-ehf.html	/nb/bank/bedrift/kundeservice/bank-regnskap/aktivere-ehf
/nb/bank/bedrift/kundeservice/bedriftsforsikring/begunstigelse.html	/nb/bank/bedrift/kundeservice/bedriftsforsikring/begunstigelse
/nb/bank/bedrift/kundeservice/bedriftsforsikring/fg-godkjent-sprinkleranlegg.html	/nb/bank/bedrift/kundeservice/bedriftsforsikring/fg-godkjent-sprinkleranlegg
/nb/bank/bedrift/kundeservice/bm-andre-sporsmal/hvordan-blir-jeg-bedriftskunde.html	/nb/bank/bedrift/kundeservice/bm-andre-sporsmal/hvordan-blir-jeg-bedriftskunde
/nb/bank/bedrift/kundeservice/bm-andre-sporsmal/hvordan-flytte-avtalegiro-efaktura-ehf.html	/nb/bank/bedrift/kundeservice/bm-andre-sporsmal/hvordan-flytte-avtalegiro-efaktura-ehf
/nb/bank/bedrift/kundeservice/bm-kort-betaling/hva-er-bankaxept.html	/nb/bank/bedrift/kundeservice/bm-kort-betaling/hva-er-bankaxept
/nb/bank/bedrift/kundeservice/bm-kort-betaling/hva-er-bankkode.html	/nb/bank/bedrift/kundeservice/bm-kort-betaling/hva-er-bankkode
/nb/bank/bedrift/kundeservice/bm-lan-finansiering/fast-flytende-rente-bedriftslan.html	/nb/bank/bedrift/kundeservice/bm-lan-finansiering/fast-flytende-rente-bedriftslan
/nb/bank/bedrift/kundeservice/bm-lan-finansiering/kan-jeg-lease-uten-innskudd.html	/nb/bank/bedrift/kundeservice/bm-lan-finansiering/kan-jeg-lease-uten-innskudd
/nb/bank/bedrift/kundeservice/bm-nettbank-bedrift/Endre-kasserer-i-nettbank-bedrift.html	/nb/bank/bedrift/kundeservice/bm-nettbank-bedrift/endre-kasserer-i-nettbank-bedrift
/nb/bank/bedrift/kundeservice/bm-nettbank-bedrift/Endre-kasserer-i-nettbank-bedrift	/nb/bank/bedrift/kundeservice/bm-nettbank-bedrift/endre-kasserer-i-nettbank-bedrift
/nb/bank/bedrift/kundeservice/bm-nettbank-bedrift/endre-kasserer-i-nettbank-bedrift.html	/nb/bank/bedrift/kundeservice/bm-nettbank-bedrift/endre-kasserer-i-nettbank-bedrift
/nb/bank/bedrift/kundeservice/bm-nettbank-bedrift/hvordan-sende-efaktura.html	/nb/bank/bedrift/kundeservice/bm-nettbank-bedrift/hvordan-sende-efaktura
/nb/bank/bedrift/kundeservice.html	/nb/bank/bedrift/kundeservice
/nb/bank/bedrift/lan-finansiering/bedriftslan.html	/nb/bank/bedrift/lan-finansiering/bedriftslan
/nb/bank/bedrift/lan-finansiering.html	/nb/bank/bedrift/lan-finansiering
/nb/bank/bedrift/lan-finansiering/kassekreditt.html	/nb/bank/bedrift/lan-finansiering/kassekreditt
/nb/bank/bedrift/lan-finansiering/leasing.html	/nb/bank/bedrift/lan-finansiering/leasing
/nb/bank/bedrift/open-api.html	/nb/bank/bedrift/open-api
/nb/bank/bedrift/pensjon.html	/nb/bank/bedrift/pensjon
/nb/bank/bedrift/regnskap.html	/nb/bank/bedrift/regnskap
/nb/bank/bedrift/sparing-investering.html	/nb/bank/bedrift/sparing-investering
/nb/bank/bedrift/starte-bedrift.html	/nb/bank/bedrift/starte-bedrift
/nb/bank/bedrift/starte-bedrift/selskapsform/as-eller-enk.html	/nb/bank/bedrift/starte-bedrift/selskapsform/as-eller-enk
/nb/bank/bedrift/tips-og-rad.html	/nb/bank/bedrift/tips-og-rad
/nb/bank/om-oss/hjemme.html	/nb/bank/om-oss/hjemme
/nb/bank/om-oss.html	/nb/bank/om-oss
/nb/bank/om-oss/investor.html	/nb/bank/om-oss/investor
/nb/bank/om-oss/jobb-og-karriere.html	/nb/bank/om-oss/jobb-og-karriere
/nb/bank/om-oss/nyheter/5-lommebokvennlige-tips-til-juleshoppingen-.html	/nb/bank/om-oss/nyheter/5-lommebokvennlige-tips-til-juleshoppingen
/nb/bank/om-oss/nyheter/5-lommebokvennlige-tips-til-juleshoppingen-	/nb/bank/om-oss/nyheter/5-lommebokvennlige-tips-til-juleshoppingen
/nb/bank/om-oss/nyheter/advarer-mot-ny-svindelbolge----eldre-og-enslige-kvinner-saerlig-.html	/nb/bank/om-oss/nyheter/advarer-mot-ny-svindelbolge-eldre-og-enslige-kvinner-saerlig
/nb/bank/om-oss/nyheter/advarer-mot-ny-svindelbolge----eldre-og-enslige-kvinner-saerlig-	/nb/bank/om-oss/nyheter/advarer-mot-ny-svindelbolge-eldre-og-enslige-kvinner-saerlig
/nb/bank/om-oss/nyheter/bamses-historie-traktorulykken.html	/nb/bank/om-oss/nyheter/bamses-historie-traktorulykken
/nb/bank/om-oss/nyheter/bank-regnskap-nerderiket.html	/nb/bank/om-oss/nyheter/bank-regnskap-nerderiket
/nb/bank/om-oss/nyheter/bankkort-laget-av-resirkulert-plast.html	/nb/bank/om-oss/nyheter/bankkort-laget-av-resirkulert-plast
/nb/bank/om-oss/nyheter/Bruk_mobilbanken_fa_kontroll_pa_okonomien.html	/nb/bank/om-oss/nyheter/bruk-mobilbanken-fa-kontroll-pa-okonomien
/nb/bank/om-oss/nyheter/Bruk_mobilbanken_fa_kontroll_pa_okonomien	/nb/bank/om-oss/nyheter/bruk-mobilbanken-fa-kontroll-pa-okonomien
/nb/bank/om-oss/nyheter/bruk_mobilbanken_fa_kontroll_pa_okonomien.html	/nb/bank/om-oss/nyheter/bruk-mobilbanken-fa-kontroll-pa-okonomien
/nb/bank/om-oss/nyheter/bruk_mobilbanken_fa_kontroll_pa_okonomien	/nb/bank/om-oss/nyheter/bruk-mobilbanken-fa-kontroll-pa-okonomien
/nb/bank/om-oss/nyheter.html	/nb/bank/om-oss/nyheter
/nb/bank/om-oss/om-banken/selskapsinformasjon.html	/nb/bank/om-oss/om-banken/selskapsinformasjon
/nb/bank/om-oss/personvern/generelle-vilkar.html	/nb/bank/om-oss/personvern/generelle-vilkar
/nb/bank/om-oss/personvern.html	/nb/bank/om-oss/personvern
/nb/bank/om-oss/presse.html	/nb/bank/om-oss/presse
/nb/bank/om-oss/samfunnsansvar.html	/nb/bank/om-oss/samfunnsansvar
/nb/bank/om-oss/selskaper.html	/nb/bank/om-oss/selskaper
/nb/bank/om-oss/vare-eksperter.html	/nb/bank/om-oss/vare-eksperter
/nb/bank/privat/daglig-bruk/bankid.html	/nb/bank/privat/daglig-bruk/bankid
/nb/bank/privat/daglig-bruk/bankkonto.html	/nb/bank/privat/daglig-bruk/bankkonto
/nb/bank/privat/daglig-bruk/bankkort.html	/nb/bank/privat/daglig-bruk/bankkort
/nb/bank/privat/daglig-bruk.html	/nb/bank/privat/daglig-bruk
/nb/bank/privat/daglig-bruk/kredittkort.html	/nb/bank/privat/daglig-bruk/kredittkort
/nb/bank/privat/daglig-bruk/kredittkort/netthandel-kredittkort.html	/nb/bank/privat/daglig-bruk/kredittkort/netthandel-kredittkort
/nb/bank/privat/daglig-bruk/mobilbank.html	/nb/bank/privat/daglig-bruk/mobilbank
/nb/bank/privat/eiendom.html	/nb/bank/privat/eiendom
/nb/bank/privat/forsikring/barneforsikring.html	/nb/bank/privat/forsikring/barneforsikring
/nb/bank/privat/forsikring/bilforsikring.html	/nb/bank/privat/forsikring/bilforsikring
/nb/bank/privat/forsikring.html	/nb/bank/privat/forsikring
/nb/bank/privat/forsikring/hvilke-forsikringer-trenger-man.html	/nb/bank/privat/forsikring/hvilke-forsikringer-trenger-man
/nb/bank/privat/forsikring/innboforsikring.html	/nb/bank/privat/forsikring/innboforsikring
/nb/bank/privat/forsikring/kundehistorier.html	/nb/bank/privat/forsikring/kundehistorier
/nb/bank/privat/forsikring/kundehistorier/sikrer-seg-mot-vannlekkasje-klok-av-skade.html	/nb/bank/privat/forsikring/kundehistorier/sikrer-seg-mot-vannlekkasje-klok-av-skade
/nb/bank/privat/forsikring/meld-skade.html	/nb/bank/privat/forsikring/meld-skade
/nb/bank/privat/forsikring/reiseforsikring.html	/nb/bank/privat/forsikring/reiseforsikring
/nb/bank/privat.html	/nb/bank/privat
/nb/bank/privat/kundeservice/bestill/bli-kunde.html	/nb/bank/privat/kundeservice/bestill/bli-kunde
/nb/bank/privat/kundeservice/bestill/prisliste.html	/nb/bank/privat/kundeservice/bestill/prisliste
/nb/bank/privat/kundeservice.html	/nb/bank/privat/kundeservice
/nb/bank/privat/kundeservice/kontakt.html	/nb/bank/privat/kundeservice/kontakt
/nb/bank/privat/kundeservice/verktoy/iban-og-swift.html	/nb/bank/privat/kundeservice/verktoy/iban-og-swift
/nb/bank/privat/kundeservice/verktoy/klager.html	/nb/bank/privat/kundeservice/verktoy/klager
/nb/bank/privat/kundeservice/verktoy/sparekalkulator.html	/nb/bank/privat/kundeservice/verktoy/sparekalkulator
/nb/bank/privat/kundeservice/verktoy/sperre-kort.html	/nb/bank/privat/kundeservice/verktoy/sperre-kort
/nb/bank/privat/kundeservice/verktoy/valutakalkulator.html	/nb/bank/privat/kundeservice/verktoy/valutakalkulator
/nb/bank/privat/lan/billan.html	/nb/bank/privat/lan/billan
/nb/bank/privat/lan/boliglan.html	/nb/bank/privat/lan/boliglan
/nb/bank/privat/lan/forbrukslan.html	/nb/bank/privat/lan/forbrukslan
/nb/bank/privat/lan/gronne-lan.html	/nb/bank/privat/lan/gronne-lan
/nb/bank/privat/lan.html	/nb/bank/privat/lan
/nb/bank/privat/lan/lanekalkulator.html	/nb/bank/privat/lan/lanekalkulator
/nb/bank/privat/lan/refinansiering.html	/nb/bank/privat/lan/refinansiering
/nb/bank/privat/lofavor.html	/nb/bank/privat/lofavor
/nb/bank/privat/pensjon/egen-pensjonskonto.html	/nb/bank/privat/pensjon/egen-pensjonskonto
/nb/bank/privat/pensjon.html	/nb/bank/privat/pensjon
/nb/bank/privat/pensjon/hva-far-jeg-i-pensjon.html	/nb/bank/privat/pensjon/hva-far-jeg-i-pensjon
/nb/bank/privat/private-banking.html	/nb/bank/privat/private-banking
/nb/bank/privat/sparing.html	/nb/bank/privat/sparing
/nb/bank/privat/sparing/markedsnytt/artikler/gar-du-glipp-av-millioner-i-pensjon.html	/nb/bank/privat/sparing/markedsnytt/artikler/gar-du-glipp-av-millioner-i-pensjon
/nb/bank/privat/sparing/markedsnytt/artikler/kan-utviklingen-til-teknologifondene-fortsette-videre-i-samme-tempo.html	/nb/bank/privat/sparing/markedsnytt/artikler/kan-utviklingen-til-teknologifondene-fortsette-videre-i-samme-tempo
/nb/bank/privat/sparing/markedsnytt.html	/nb/bank/privat/sparing/markedsnytt
/nb/bank/privat/sparing/spare-i-fond.html	/nb/bank/privat/sparing/spare-i-fond
/nb/bank/privat/sparing/spare-pa-konto.html	/nb/bank/privat/sparing/spare-pa-konto
/nb/bank/privat/sparing/spare-til-barn.html	/nb/bank/privat/sparing/spare-til-barn
/nb/bank/privat/svindel.html	/nb/bank/privat/svindel
/nb/bank/privat/tips-og-rad.html	/nb/bank/privat/tips-og-rad
